key,time
mouse_click,0.29308509826660156
d,1.3896217346191406
d,2.2689058780670166
d,3.3729093074798584
d,4.396771430969238
d,5.501666784286499
d,6.5088794231414795
d,7.61352276802063
