key,time
mouse_click,0.39203929901123047
mouse_click,1.2405240535736084
w,1.824300765991211
e,2.7840535640716553
g,4.223796844482422
w,5.647605895996094
e,6.65634822845459
g,7.791768312454224
