key,time
mouse_click,0.5495424270629883
g,1.7977871894836426
e,2.9970297813415527
w,4.261760473251343
g,5.556738615036011
e,6.693461656570435
