key,time
mouse_click,0.8757317066192627
w,3.378875255584717
e,4.387022495269775
w,5.490581750869751
e,6.626687288284302
w,7.827097177505493
