key,time
mouse_click,0.7408268451690674
mouse_scroll,1.540703535079956
mouse_scroll,2.9406864643096924
mouse_scroll,4.388179302215576
mouse_scroll,5.8680291175842285
mouse_scroll,6.87680721282959
