key,time
mouse_click,0.2146611213684082
d,1.1678123474121094
a,2.271428346633911
e,3.439293622970581
e,4.623755931854248
f,5.726844310760498
s,6.86374831199646
e,8.031682968139648
