key,time
w,1.0473310947418213
r,2.2621774673461914
w,3.366861343383789
r,4.406975984573364
w,5.622332334518433
r,6.7911224365234375
w,8.119054317474365
