key,time
f,1.8553102016448975
f,2.9591774940490723
f,4.07894229888916
f,5.199007987976074
f,6.318657398223877
f,7.406325578689575
