key,time
mouse_click,0.24170422554016113
w,1.9299707412719727
q,2.9540045261383057
space,4.057309627532959
w,5.081942081451416
e,6.217930793762207
r,7.5139405727386475
