key,time
mouse_click,0.6645371913909912
mouse_click,2.5042409896850586
mouse_click,4.008188724517822
mouse_click,5.43934178352356
mouse_click,6.99961256980896
