key,time
r,0.9311606884002686
w,2.034454345703125
r,3.122955322265625
w,4.11518406867981
r,5.106724500656128
w,6.066999912261963
r,7.154359817504883
w,8.130992650985718
