key,time
mouse_click,0.2714803218841553
e,0.9838967323303223
a,2.4398036003112793
d,3.6720945835113525
space,4.7914886474609375
backspace,5.992128849029541
space,7.223867177963257
