key,time
mouse_click,0.32596755027770996
mouse_click,2.245741605758667
mouse_click,4.109946966171265
mouse_click,5.910554647445679
mouse_click,7.918410539627075
