key,time
mouse_click,0.2031242847442627
f,1.1319947242736816
q,2.4594013690948486
s,3.7714900970458984
e,5.227403402328491
q,6.714933156967163
d,8.139261722564697
