key,time
mouse_click,1.6721415519714355
mouse_scroll,2.4966745376586914
mouse_scroll,3.5128061771392822
mouse_click,4.39284873008728
mouse_scroll,7.5043299198150635
