key,time
mouse_scroll,1.164334774017334
mouse_scroll,2.1726927757263184
mouse_scroll,3.2036101818084717
mouse_scroll,4.31633448600769
mouse_scroll,5.707681894302368
mouse_scroll,6.708181619644165
mouse_scroll,7.740155458450317
