key,time
mouse_click,0.22602510452270508
f,1.1296937465667725
f,2.042238235473633
f,3.0022246837615967
f,3.9301767349243164
f,4.969818592071533
f,6.026384592056274
f,7.130368232727051
