key,time
mouse_click,0.21955370903015137
mouse_click,1.5557148456573486
mouse_click,2.9557089805603027
mouse_click,4.45982813835144
mouse_click,5.979110479354858
mouse_click,7.771132707595825
