key,time
mouse_click,1.079360008239746
a,2.7109806537628174
a,3.7675719261169434
s,4.871156454086304
f,6.087578535079956
a,7.318448305130005
