key,time
mouse_click,0.480330228805542
q,1.6640141010284424
q,2.6402387619018555
q,3.6631007194519043
q,4.687772989273071
q,5.727991580963135
q,6.720246315002441
space,7.824145317077637
