key,time
backspace,2.930359125137329
space,3.9221441745758057
a,5.026026964187622
backspace,6.226250410079956
space,7.634270429611206
