key,time
mouse_click,0.42458462715148926
w,1.8960816860198975
e,2.8398656845092773
a,3.96003794670105
w,5.223875522613525
space,6.408269166946411
e,7.624657869338989
