key,time
a,1.1770586967468262
a,2.7451364994049072
a,4.3613152503967285
a,5.848654508590698
a,7.448682069778442
