key,time
mouse_click,1.0209944248199463
mouse_click,2.525604486465454
mouse_click,3.940854787826538
mouse_click,6.445237636566162
