key,time
mouse_click,0.3682830333709717
e,1.8650362491607666
e,2.8889882564544678
e,4.057052373886108
e,5.11268949508667
e,6.088826894760132
e,7.064595699310303
e,8.008861541748047
