key,time
enter,2.4937212467193604
enter,4.269182205200195
enter,6.045533180236816
enter,7.757582187652588
