key,time
g,0.9719514846801758
backspace,2.09161114692688
g,3.131057024002075
backspace,4.25147271156311
g,5.323472499847412
backspace,6.267738342285156
g,7.530947923660278
