key,time
mouse_click,0.3029050827026367
g,2.1267001628875732
g,3.086947202682495
g,4.190541744232178
g,5.310096263885498
g,6.414182901382446
g,7.470806837081909
