key,time
r,1.3003065586090088
w,2.468355417251587
r,3.6837902069091797
w,5.12406849861145
r,6.308001518249512
w,7.476330757141113
