key,time
mouse_click,0.686213493347168
mouse_click,2.1991593837738037
mouse_click,3.4149374961853027
mouse_click,4.654051780700684
mouse_click,5.886430501937866
mouse_click,7.89422082901001
