key,time
s,1.1080737113952637
e,2.5001630783081055
q,3.6521761417388916
a,4.724101305007935
d,6.0357677936553955
f,7.3480064868927
