key,time
mouse_click,0.3087468147277832
mouse_scroll,1.0609130859375
mouse_scroll,2.1014859676361084
mouse_scroll,3.1172854900360107
mouse_scroll,4.13290810585022
mouse_scroll,5.301148891448975
mouse_scroll,6.396942377090454
mouse_scroll,7.4286088943481445
