key,time
mouse_click,1.3359405994415283
mouse_click,3.2561254501342773
mouse_click,4.943182468414307
mouse_click,6.647123575210571
