key,time
s,1.7540366649627686
r,2.7772977352142334
q,3.8815369606018066
space,4.905212163925171
backspace,5.865257263183594
space,6.889535665512085
q,7.929492235183716
