key,time
r,0.746046781539917
r,1.7220473289489746
r,2.63411545753479
r,3.578054904937744
r,4.473969459533691
r,5.3546302318573
r,6.3620765209198
r,7.354717016220093
