key,time
mouse_click,0.7928252220153809
a,1.904754638671875
a,2.9922521114349365
a,4.12817120552063
a,5.264902591705322
a,6.320866584777832
a,7.376832723617554
