key,time
g,1.3722562789916992
backspace,2.396174430847168
g,3.5321695804595947
backspace,4.539998531341553
g,5.72419548034668
backspace,6.651994943618774
g,7.820190906524658
