key,time
mouse_click,0.3507709503173828
e,1.335402488708496
w,2.278791904449463
g,3.4625861644744873
e,4.710592269897461
q,5.959165811538696
w,7.158813953399658
