key,time
mouse_click,1.6528770923614502
mouse_click,3.6371712684631348
mouse_click,5.37356162071228
mouse_click,6.997848272323608
