key,time
mouse_click,1.0811498165130615
backspace,1.9051182270050049
backspace,3.105055809020996
backspace,4.4493348598480225
backspace,5.777098894119263
e,7.248868227005005
