key,time
q,0.6919803619384766
w,1.603727102279663
space,2.643742322921753
space,3.6362879276275635
space,4.644027233123779
space,5.71594762802124
backspace,6.755806922912598
backspace,7.779890298843384
