key,time
e,1.25813889503479
e,2.3625943660736084
e,3.530236005783081
e,4.586629390716553
e,5.658532381057739
e,6.618330955505371
e,7.609969854354858
