key,time
mouse_scroll,0.7512083053588867
mouse_scroll,1.7512094974517822
mouse_scroll,2.7678580284118652
mouse_scroll,4.063573360443115
mouse_scroll,5.135233640670776
mouse_scroll,6.440248012542725
mouse_scroll,7.671560287475586
