key,time
mouse_click,0.3874192237854004
d,1.219322681427002
d,2.052104949951172
d,2.963655948638916
d,3.987781524658203
d,4.979320049285889
d,5.92362904548645
d,6.884153366088867
d,7.923652410507202
