key,time
r,1.661604404449463
w,2.557133913040161
r,3.5976033210754395
w,4.6214704513549805
r,5.789657354354858
w,6.781414031982422
r,7.9328906536102295
