key,time
s,1.174231767654419
f,2.246567726135254
a,3.2542738914489746
q,4.374598264694214
f,5.60624885559082
s,6.614567518234253
a,7.702570676803589
