key,time
a,0.658130407333374
backspace,1.809974193572998
space,3.1379754543304443
backspace,4.401578187942505
space,5.905220985412598
backspace,7.185236930847168
