key,time
mouse_click,0.5414402484893799
space,2.3893139362335205
space,3.364664077758789
space,4.46888542175293
space,5.620878458023071
space,6.869439125061035
