key,time
d,1.5068364143371582
a,2.6744771003723145
e,3.7149569988250732
f,4.9149110317230225
s,6.099051475524902
r,7.249983310699463
