key,time
space,1.304433822631836
a,4.552923679351807
space,7.401446104049683
