key,time
mouse_click,0.26901865005493164
mouse_click,1.461435317993164
mouse_click,2.5414328575134277
mouse_click,3.71700119972229
mouse_click,4.8935370445251465
mouse_click,7.213490962982178
