key,time
mouse_click,0.23081374168395996
mouse_scroll,1.2224783897399902
mouse_click,3.743159294128418
mouse_click,5.127053737640381
mouse_click,6.695139408111572
