key,time
d,1.1511895656585693
f,2.3670923709869385
f,3.6149768829345703
f,5.214385032653809
f,6.4945361614227295
f,7.75897216796875
