key,time
mouse_click,0.555678129196167
e,1.4759225845336914
g,2.452430248260498
w,3.4120662212371826
g,4.324005603790283
e,5.236255645751953
w,6.388345003128052
g,7.395467758178711
