key,time
mouse_click,0.36075639724731445
q,1.6396033763885498
q,2.711594820022583
q,3.831674337387085
q,5.03215765953064
q,6.088039398193359
q,7.191848993301392
