key,time
r,1.2101783752441406
r,2.3614134788513184
r,3.8496205806732178
r,5.497922420501709
r,6.986227989196777
