key,time
mouse_click,0.387523889541626
backspace,2.8677165508270264
a,4.659421682357788
f,6.387242317199707
