key,time
q,1.3793153762817383
w,2.4509761333465576
space,3.8433327674865723
e,5.363237380981445
space,6.466839790344238
a,7.42661452293396
