key,time
mouse_click,0.18625235557556152
mouse_click,2.2910118103027344
mouse_click,3.8591129779815674
mouse_click,5.386929273605347
mouse_click,6.938538551330566
