key,time
mouse_click,0.2801249027252197
w,1.2642836570739746
w,2.224447011947632
w,3.2957727909088135
w,4.320275545120239
w,5.361057281494141
w,6.400264501571655
w,7.424517393112183
