key,time
mouse_click,0.295626163482666
w,1.7034192085266113
a,2.5520074367523193
w,3.527470827102661
e,4.51957631111145
a,5.496102571487427
e,6.439778089523315
w,7.479526996612549
