key,time
backspace,2.1566905975341797
space,3.9169909954071045
a,5.580569267272949
space,7.340961456298828
