key,time
space,0.7788600921630859
space,1.8656284809112549
q,2.9061949253082275
q,3.994357109069824
q,5.194263696670532
q,6.458443880081177
q,7.657884836196899
