key,time
mouse_click,1.6215505599975586
d,3.2217531204223633
space,4.357337474822998
d,5.238014221191406
f,6.246033668518066
s,7.3182594776153564
