key,time
s,1.591181755065918
space,2.4867913722991943
w,3.334923505783081
e,4.486577749252319
g,5.574666500091553
space,6.711225509643555
w,7.862890958786011
