key,time
mouse_click,0.4593851566314697
a,2.547476291656494
a,3.474876880645752
a,4.307562589645386
a,5.170578718185425
a,6.050954341888428
a,6.915094614028931
a,7.907102584838867
