key,time
a,1.2224140167236328
s,2.294471025466919
d,3.5585427284240723
f,4.790083169937134
a,6.054739236831665
s,7.269843339920044
