key,time
a,2.0250661373138428
space,3.7852578163146973
a,5.60962438583374
a,7.513761520385742
