key,time
mouse_click,0.23765254020690918
mouse_scroll,1.22151517868042
mouse_scroll,2.237406015396118
mouse_scroll,5.173834323883057
mouse_scroll,7.621324062347412
