key,time
f,0.9922280311584473
q,2.063375473022461
s,3.2154412269592285
a,4.4162397384643555
f,5.66411018371582
s,6.816619873046875
q,7.872548580169678
