key,time
mouse_click,0.750147819519043
f,1.6701726913452148
d,2.77431058883667
d,4.133584260940552
f,5.25415825843811
f,6.566167116165161
d,7.73416543006897
