key,time
mouse_click,0.6534717082977295
w,1.8766717910766602
w,2.7892749309539795
w,3.8292267322540283
w,4.965207815170288
w,6.085334777832031
w,7.157061338424683
w,8.069176197052002
