key,time
g,1.2210919857025146
backspace,2.1810853481292725
g,3.3491883277893066
backspace,4.277371406555176
g,5.412978887557983
backspace,6.309027194976807
g,7.364849090576172
