key,time
q,1.4732623100280762
space,2.322117805480957
backspace,3.34570050239563
space,4.225831508636475
q,5.201126337051392
space,6.065044641494751
backspace,7.202180862426758
space,8.049868822097778
