key,time
space,1.4293081760406494
space,3.141352415084839
space,4.981292963027954
a,6.997104167938232
