key,time
e,0.9868950843811035
q,2.106764554977417
e,3.2907702922821045
q,4.394941806793213
e,5.610131740570068
q,6.698161840438843
a,7.882727146148682
