key,time
mouse_click,0.3326256275177002
s,1.4198358058929443
s,2.4125254154205322
s,3.420341730117798
s,4.396039247512817
s,5.404430389404297
s,6.347798109054565
s,7.3081793785095215
