key,time
mouse_click,0.3074827194213867
g,1.410681962966919
backspace,2.4503958225250244
g,3.5869996547698975
backspace,4.6106181144714355
g,5.875125885009766
backspace,6.7865190505981445
g,7.810654401779175
