key,time
mouse_click,0.4299445152282715
mouse_click,1.7496907711029053
mouse_click,3.406318426132202
mouse_click,4.999181509017944
mouse_click,6.479084253311157
mouse_click,8.03018569946289
