key,time
q,1.2286155223846436
q,2.0438835620880127
q,2.9567906856536865
q,3.9167349338531494
q,4.940137624740601
q,5.868504524230957
q,6.9085612297058105
q,7.948871850967407
