key,time
mouse_click,1.4153640270233154
f,2.286716938018799
d,3.534620761871338
f,4.655498027801514
d,5.919347286224365
f,7.198901414871216
