key,time
mouse_click,1.2185258865356445
d,2.410792350769043
backspace,3.3707923889160156
d,4.650755882263184
backspace,5.643127679824829
d,6.954991102218628
backspace,7.8349714279174805
