key,time
g,1.104914665222168
backspace,1.9849369525909424
g,3.0411624908447266
backspace,3.9368793964385986
g,5.137373447418213
backspace,5.904785871505737
g,6.960331678390503
backspace,7.857009410858154
