key,time
f,0.9092903137207031
s,2.0126430988311768
q,3.052994728088379
a,4.045073509216309
f,5.165526866912842
s,6.044890880584717
a,7.276621341705322
