key,time
f,0.997016191482544
q,2.2453181743621826
s,3.2692739963531494
a,4.292910814285278
f,5.7654337882995605
q,6.805445671081543
a,7.9569151401519775
