key,time
d,0.8545093536376953
d,1.6550493240356445
d,2.439311981201172
d,3.238501787185669
d,4.278624057769775
d,5.238324165344238
d,6.150520324707031
d,7.127080202102661
d,8.102948665618896
