key,time
r,1.239030122756958
space,2.4714558124542236
e,3.7828147411346436
q,5.063016653060913
a,6.3744940757751465
f,7.6545491218566895
