key,time
mouse_click,0.29413485527038574
f,1.3897879123687744
f,2.5423221588134766
f,3.5813286304473877
f,4.749303579330444
f,5.901408672332764
f,6.9102020263671875
f,7.933342218399048
