key,time
mouse_click,0.24157977104187012
r,1.513904333114624
r,2.5055742263793945
r,3.6094553470611572
space,4.6978759765625
backspace,5.705628871917725
s,6.969432830810547
