key,time
mouse_click,0.52874755859375
mouse_click,1.9372191429138184
mouse_click,3.5210466384887695
mouse_click,4.673115968704224
mouse_click,5.889212608337402
mouse_click,7.297086238861084
