key,time
mouse_click,0.4050421714782715
q,1.2042300701141357
q,2.0848746299743652
q,3.012307643890381
q,4.036993503570557
q,5.044590950012207
q,6.0523271560668945
q,7.267911911010742
