key,time
mouse_click,0.28226161003112793
d,1.1224980354309082
a,2.114327907562256
e,3.2022829055786133
f,4.465701103210449
s,5.58618426322937
r,6.721595764160156
w,7.809566974639893
