key,time
w,0.5452980995178223
e,1.4250879287719727
g,2.272812604904175
e,3.2322962284088135
g,4.240742444992065
w,5.120363235473633
e,6.032927751541138
g,7.024855136871338
e,8.097442150115967
