key,time
backspace,1.778439998626709
backspace,2.818967580795288
backspace,3.907193660736084
backspace,5.011121988296509
backspace,6.17939019203186
backspace,7.314807415008545
