key,time
space,0.8502867221832275
space,2.818084716796875
space,5.106470823287964
space,7.586023569107056
