key,time
r,1.2059462070465088
g,2.2460474967956543
r,3.4293322563171387
g,4.469801187515259
r,5.622268438339233
g,6.534100770950317
r,7.557415723800659
