key,time
space,1.6629338264465332
a,3.150808811187744
backspace,4.910407304763794
space,6.767075300216675
