key,time
g,1.2157104015350342
backspace,2.2881906032562256
g,3.392451286315918
backspace,4.352420806884766
g,5.487849473953247
backspace,6.3523900508880615
g,7.487721920013428
