key,time
mouse_scroll,0.7012341022491455
mouse_scroll,1.7415235042572021
mouse_scroll,2.7729575634002686
mouse_scroll,4.117330551147461
mouse_scroll,5.508813381195068
mouse_scroll,6.573252439498901
mouse_scroll,7.749356508255005
