key,time
mouse_click,0.42377424240112305
d,0.9757771492004395
space,2.111873149871826
d,3.2633135318756104
a,4.223906755447388
r,5.855539321899414
w,7.215752840042114
