key,time
mouse_click,1.0678963661193848
mouse_click,2.6531143188476562
mouse_click,4.323946475982666
mouse_click,6.052865505218506
mouse_click,7.7001283168792725
