key,time
mouse_click,1.4594807624816895
space,2.6266894340515137
space,3.618281602859497
space,4.722958326339722
space,5.746193885803223
space,6.914523124694824
space,7.986228942871094
