key,time
space,0.7249894142150879
backspace,1.8131072521209717
space,2.7894487380981445
q,3.9895098209381104
g,5.237004280090332
space,6.197431564331055
backspace,7.333059072494507
