key,time
mouse_click,0.33206796646118164
mouse_click,1.923459529876709
mouse_click,3.371922016143799
mouse_click,4.731419801712036
mouse_click,6.283621788024902
mouse_click,8.099057674407959
