key,time
mouse_click,0.47998833656311035
mouse_click,1.6966354846954346
mouse_click,3.1926984786987305
mouse_click,4.80858302116394
mouse_click,6.416296720504761
