key,time
mouse_click,0.4159538745880127
backspace,1.7845516204833984
backspace,2.82383131980896
backspace,3.9282565116882324
backspace,5.032249212265015
backspace,6.216253757476807
backspace,7.46455717086792
