key,time
mouse_click,0.7863891124725342
mouse_click,3.497788667678833
mouse_click,5.682419776916504
mouse_click,7.7142109870910645
