key,time
mouse_click,0.5699112415313721
g,1.3052711486816406
a,2.4259681701660156
space,3.3859429359436035
backspace,4.44184684753418
space,5.593826055526733
q,6.6498565673828125
w,7.7215187549591064
