key,time
mouse_click,0.20357823371887207
r,1.4682607650756836
w,2.37908673286438
r,3.387830972671509
w,4.44421911239624
r,5.627442836761475
w,6.731163501739502
r,7.996077060699463
