key,time
mouse_click,0.3637430667877197
d,1.4760403633117676
d,2.4845211505889893
d,3.6683120727539062
d,4.980435609817505
d,6.084020376205444
d,7.284559726715088
