key,time
mouse_click,0.5397114753723145
e,2.779383897781372
q,4.139575242996216
e,5.435476779937744
a,6.732494831085205
e,7.94663667678833
