key,time
mouse_click,0.7519340515136719
mouse_click,2.1674680709838867
mouse_click,3.728006362915039
mouse_click,5.583932876586914
mouse_click,6.8476786613464355
