key,time
f,1.2365009784698486
f,2.1166255474090576
f,3.07720947265625
f,4.005249500274658
f,4.917150974273682
f,5.877147912979126
f,6.933416366577148
f,7.957313060760498
