key,time
q,1.131190299987793
q,2.3315184116363525
e,3.9318690299987793
e,5.115431308746338
e,6.411036491394043
e,7.708506345748901
