key,time
mouse_click,0.2854878902435303
e,1.181997537612915
a,2.04581356048584
e,2.989976644515991
a,4.045753240585327
e,5.0379478931427
a,6.077540874481201
e,7.277504920959473
