key,time
mouse_click,0.6272633075714111
d,1.6439592838287354
d,2.6992807388305664
d,3.835444450378418
d,4.955705642700195
d,6.043742656707764
d,7.083393335342407
d,8.171506643295288
