key,time
mouse_click,1.7149875164031982
mouse_click,2.851832628250122
mouse_click,4.147780418395996
mouse_click,4.403831243515015
mouse_click,5.4756691455841064
mouse_click,7.643628120422363
