key,time
f,1.3069477081298828
f,2.3148858547210693
a,3.3068671226501465
s,4.442739248275757
d,5.4024741649627686
e,6.4747841358184814
q,7.658535718917847
