key,time
mouse_click,1.4809741973876953
mouse_click,2.6005849838256836
mouse_click,3.704653263092041
mouse_click,4.896793603897095
mouse_click,6.32046103477478
mouse_click,7.488311529159546
