key,time
mouse_click,1.5859251022338867
mouse_click,3.178039789199829
mouse_click,4.722311019897461
mouse_click,6.090334892272949
mouse_click,7.554076671600342
