key,time
g,4.406105041503906
q,5.318143129348755
g,6.390565633773804
q,7.558164119720459
