key,time
mouse_click,1.0038871765136719
f,1.8199682235717773
f,2.763789653778076
f,3.883963108062744
f,4.9549314975738525
f,5.996058702468872
f,6.988171339035034
f,7.979624032974243
