key,time
e,0.7719042301177979
space,1.7797374725341797
s,3.091670036315918
d,4.147324085235596
e,5.795902490615845
space,6.9953389167785645
r,8.131582498550415
