key,time
space,1.521820068359375
backspace,3.5378708839416504
backspace,5.121802091598511
backspace,7.058255910873413
