key,time
f,2.058269500732422
e,2.9861559867858887
space,3.9307539463043213
backspace,4.825905799865723
a,6.377894878387451
g,7.3706207275390625
