key,time
w,1.5800902843475342
r,3.037425994873047
w,4.1411051750183105
r,5.420938491821289
space,6.7324981689453125
q,7.932999610900879
