key,time
f,1.2520501613616943
s,2.3399605751037598
q,3.476284980773926
a,4.49958062171936
f,5.652355909347534
s,6.820010662078857
a,7.987541198730469
