key,time
mouse_click,0.40566229820251465
s,3.7661519050598145
s,5.141700029373169
d,7.190327405929565
