key,time
mouse_click,1.6021997928619385
mouse_click,3.434105157852173
mouse_click,5.28203272819519
mouse_click,7.137799263000488
