key,time
mouse_click,0.8878657817840576
q,2.9194977283477783
space,3.9433178901672363
backspace,5.0794901847839355
space,6.1507158279418945
q,7.2397871017456055
