key,time
s,1.3530724048614502
d,2.6651105880737305
f,4.089406251907349
a,5.7208826541900635
q,7.193029880523682
