key,time
mouse_click,0.3017919063568115
f,1.8215339183807373
f,3.3419952392578125
f,4.973770380020142
f,6.158334255218506
f,7.469859600067139
