key,time
mouse_scroll,0.9209465980529785
mouse_scroll,1.9930245876312256
mouse_scroll,3.0405943393707275
mouse_scroll,4.312979698181152
mouse_scroll,5.353292942047119
mouse_scroll,6.448631286621094
mouse_scroll,7.448884010314941
