key,time
g,1.0374820232391357
backspace,2.1261589527130127
g,3.309673309326172
backspace,4.2374587059021
g,5.309653997421265
backspace,6.285747289657593
g,7.389672517776489
