key,time
r,1.2698633670806885
a,2.2785046100616455
r,4.358602285385132
a,5.334496974945068
r,7.142572402954102
a,8.086503982543945
