key,time
mouse_click,1.1430473327636719
space,2.143043041229248
space,3.166571617126465
backspace,4.446122407913208
space,5.470792055130005
backspace,6.543086051940918
space,7.8064470291137695
