key,time
mouse_click,0.23389983177185059
a,1.2025370597839355
a,2.114175319671631
a,3.282087564468384
a,4.449753284454346
a,5.617687702178955
a,6.657867670059204
f,7.681392431259155
