key,time
mouse_click,0.7671303749084473
r,1.7350735664367676
q,2.7592320442199707
r,3.8466291427612305
q,4.983215570449829
g,6.054936170578003
q,7.175044059753418
