key,time
mouse_click,0.20787477493286133
mouse_scroll,0.4325845241546631
mouse_scroll,1.641047477722168
mouse_scroll,2.6478543281555176
mouse_scroll,3.9523541927337646
mouse_scroll,4.959776401519775
mouse_scroll,6.040790319442749
mouse_scroll,7.4970831871032715
