key,time
r,0.8928875923156738
w,1.7410542964935303
r,2.636901617050171
w,3.5652871131896973
r,4.5568647384643555
w,5.548896551132202
r,6.589367389678955
w,7.804793119430542
