key,time
mouse_click,1.5583381652832031
mouse_click,2.422084331512451
mouse_click,3.3256545066833496
mouse_click,4.245835542678833
mouse_click,5.19804048538208
mouse_click,6.142075300216675
mouse_click,7.1105310916900635
mouse_click,8.006120920181274
