key,time
mouse_click,0.39071011543273926
d,3.0630745887756348
d,3.991368532180786
d,4.9040327072143555
d,5.863825798034668
d,6.839770555496216
d,7.7354230880737305
