key,time
e,1.3060595989227295
s,2.6980795860290527
q,4.057865381240845
d,5.307085037231445
f,6.762123346328735
d,8.090383529663086
