key,time
d,1.1620280742645264
backspace,2.1536459922790527
d,3.3530712127685547
backspace,4.473419189453125
d,5.75354790687561
backspace,6.7932164669036865
d,7.993930101394653
