key,time
mouse_click,0.4051210880279541
mouse_click,1.8371174335479736
mouse_click,3.5497913360595703
mouse_click,5.149738073348999
mouse_click,6.813225507736206
