key,time
mouse_click,1.549422025680542
d,5.116910457611084
d,6.092343330383301
d,7.03752326965332
d,8.028469324111938
