key,time
a,1.4466907978057861
space,3.494493007659912
backspace,5.511138916015625
space,7.350715398788452
