key,time
q,1.1851093769073486
backspace,3.1358439922332764
q,4.800851583480835
backspace,6.188052177429199
q,7.553504228591919
