key,time
mouse_click,0.33379220962524414
s,0.9992983341217041
s,2.0206539630889893
s,3.0703201293945312
s,4.158435821533203
a,5.2476115226745605
s,6.270125865936279
d,7.39911961555481
