key,time
mouse_click,0.6134271621704102
d,1.5051779747009277
f,2.5716400146484375
a,3.6597917079925537
q,4.784198999404907
r,6.066991090774536
e,7.256915330886841
