key,time
mouse_click,0.752514123916626
w,1.3601937294006348
w,2.673295021057129
space,4.022938013076782
w,5.8731300830841064
mouse_click,6.93268895149231
mouse_click,7.818488121032715
