key,time
mouse_click,0.254896879196167
q,3.0216853618621826
e,4.579161882400513
q,6.021570205688477
e,7.375164270401001
