key,time
a,2.041471004486084
d,3.0014140605926514
e,4.29553484916687
f,5.525994300842285
space,6.917758941650391
a,8.096592426300049
