key,time
mouse_click,0.2949190139770508
f,1.5491909980773926
e,2.6407039165496826
backspace,3.779400587081909
backspace,4.7344465255737305
f,5.756332159042358
d,6.8026227951049805
s,7.74895167350769
