key,time
mouse_click,0.34110331535339355
d,1.5119807720184326
space,2.8004119396209717
f,3.8807621002197266
w,5.084328651428223
r,6.366295576095581
e,7.544983863830566
