key,time
mouse_click,0.3583383560180664
g,1.3584389686584473
d,2.3746249675750732
a,3.4114603996276855
e,4.662010908126831
s,5.660706281661987
g,6.672316312789917
d,7.721325159072876
