key,time
mouse_click,0.4691810607910156
f,3.745957374572754
e,5.386089324951172
g,6.555757522583008
e,7.607789516448975
