key,time
backspace,0.9567253589630127
q,2.056159496307373
e,3.3207480907440186
backspace,4.453647613525391
q,5.594140291213989
e,6.697814464569092
space,7.7192394733428955
