key,time
mouse_click,0.3825058937072754
a,0.8680722713470459
s,2.2228872776031494
d,3.3480825424194336
f,4.652078151702881
a,5.783604145050049
s,6.858981132507324
d,8.06966781616211
