key,time
w,1.4231500625610352
g,2.426203489303589
w,3.488800048828125
g,4.50536847114563
w,5.618957281112671
g,6.761350870132446
w,7.9446187019348145
