key,time
d,1.953014612197876
e,3.246166944503784
e,4.4683403968811035
s,5.75728702545166
a,6.915787696838379
f,7.9132208824157715
