key,time
mouse_click,0.3781554698944092
w,1.6226634979248047
space,2.8975677490234375
e,4.051631689071655
r,5.311964511871338
a,6.545961380004883
space,7.721822738647461
