key,time
g,1.4654719829559326
e,2.860558271408081
w,3.8861241340637207
s,4.959629058837891
r,6.181317329406738
space,7.192769765853882
