key,time
s,2.7662346363067627
s,4.1986610889434814
s,6.056765079498291
d,7.950178384780884
