key,time
mouse_click,0.34365367889404297
w,1.6791749000549316
backspace,2.7559316158294678
w,3.9295802116394043
backspace,5.090422630310059
w,6.3918616771698
backspace,7.4321677684783936
