key,time
mouse_click,0.538949728012085
d,2.810528516769409
f,3.951212167739868
q,5.232156038284302
w,6.367104768753052
e,7.464158058166504
