key,time
mouse_click,0.19793462753295898
q,1.2078781127929688
space,2.3677995204925537
a,3.4998884201049805
space,4.580024719238281
w,5.680966377258301
s,6.819862604141235
