key,time
mouse_click,0.3665001392364502
space,2.215510606765747
backspace,3.3484930992126465
e,4.698577165603638
