key,time
mouse_click,0.40024232864379883
q,1.4277770519256592
w,2.5488369464874268
a,3.5777649879455566
r,4.795691013336182
s,6.085550308227539
r,7.1426122188568115
