key,time
mouse_click,0.49477577209472656
mouse_click,1.6467056274414062
w,2.5586864948272705
r,3.760124921798706
backspace,4.8727126121521
g,5.922952175140381
w,6.952243328094482
a,7.99039626121521
