key,time
mouse_click,0.854785680770874
g,2.1469950675964355
r,4.01945948600769
e,5.3147876262664795
s,6.635244607925415
q,7.968076705932617
