key,time
mouse_click,0.41297006607055664
s,1.1474664211273193
s,2.294067859649658
backspace,3.358988046646118
backspace,4.436147212982178
space,5.563866853713989
backspace,6.78204870223999
space,7.956038475036621
