key,time
mouse_click,1.3222429752349854
mouse_click,3.1162972450256348
