key,time
mouse_click,0.7244572639465332
s,1.1913604736328125
d,2.6536924839019775
e,4.492907762527466
g,5.872864246368408
g,7.217523097991943
