key,time
mouse_click,0.3083457946777344
f,1.049595594406128
r,2.1700847148895264
a,3.4358022212982178
s,4.6616504192352295
f,5.833187103271484
r,7.094999074935913
