key,time
mouse_click,0.37218785285949707
s,1.266350507736206
r,2.5285487174987793
e,3.672057867050171
q,4.894070863723755
q,5.962062358856201
q,7.314301490783691
