key,time
mouse_click,0.5149273872375488
a,2.073012351989746
space,3.4030635356903076
backspace,4.359664440155029
space,5.437759160995483
backspace,6.408891916275024
space,7.384884595870972
