key,time
f,4.645462512969971
d,5.686072826385498
s,6.8500707149505615
a,8.108504295349121
