key,time
mouse_click,0.44580531120300293
r,1.2151210308074951
r,2.3062808513641357
backspace,3.458346366882324
r,4.557800531387329
backspace,5.689863920211792
space,6.7146852016448975
backspace,7.740363359451294
