key,time
mouse_click,0.42116832733154297
mouse_click,1.9081635475158691
a,2.9590537548065186
space,4.4556214809417725
w,5.688744068145752
w,7.08791708946228
