key,time
mouse_click,0.3255643844604492
g,1.6334633827209473
d,2.8890438079833984
q,4.131778955459595
f,5.4633870124816895
r,6.7059361934661865
g,7.90797758102417
