key,time
d,1.351109504699707
f,2.7017149925231934
e,4.062207221984863
s,5.455228328704834
a,6.62342643737793
q,7.926165580749512
