key,time
d,1.3139736652374268
d,2.9496853351593018
f,4.365164518356323
r,6.031432390213013
s,7.509356260299683
