key,time
w,0.6925303936004639
backspace,1.7627203464508057
g,3.0309832096099854
backspace,4.177845001220703
d,5.289464235305786
g,6.280073165893555
backspace,7.271374940872192
