key,time
mouse_click,0.8352866172790527
w,1.6755070686340332
backspace,2.6674575805664062
w,3.731055736541748
backspace,4.768091440200806
w,5.82263970375061
backspace,6.845468521118164
w,7.893686294555664
