key,time
mouse_click,0.4884493350982666
e,1.4386537075042725
g,2.496750831604004
backspace,3.6949455738067627
space,4.777198791503906
backspace,5.907643795013428
g,7.086909770965576
