key,time
mouse_click,0.38283753395080566
backspace,1.1910507678985596
g,2.467965602874756
e,3.5578761100769043
r,4.648976802825928
f,5.756449460983276
w,6.838591575622559
a,8.02151370048523
