key,time
mouse_click,0.288616418838501
space,1.0311856269836426
space,1.8865230083465576
space,2.9874234199523926
space,4.1310389041900635
s,5.170705795288086
a,6.224162340164185
q,7.3043739795684814
