key,time
r,1.3340702056884766
e,2.791534423828125
f,4.264135837554932
d,6.059031963348389
g,7.438344478607178
