key,time
f,1.0318877696990967
g,2.0477397441864014
d,3.087766170501709
g,4.248267412185669
f,5.358396291732788
d,6.648762941360474
g,7.713894844055176
