key,time
mouse_click,0.2640097141265869
w,1.2529940605163574
w,2.3025834560394287
w,3.4490296840667725
w,4.683125019073486
r,5.843351125717163
g,7.018868684768677
