key,time
f,0.9257466793060303
g,2.070345401763916
e,3.3384222984313965
r,4.626619338989258
f,6.069760322570801
g,7.447100400924683
