key,time
s,1.2242591381072998
d,2.279021978378296
f,3.3176229000091553
a,4.391207456588745
r,5.568929672241211
space,6.668924808502197
space,7.616891622543335
