key,time
mouse_click,0.3223583698272705
g,1.2319238185882568
d,2.5212295055389404
g,3.7309653759002686
s,4.802839517593384
q,5.963889122009277
r,7.257230997085571
