key,time
mouse_click,0.32796621322631836
space,1.1898417472839355
backspace,2.088348627090454
space,3.1832003593444824
backspace,4.109318256378174
space,5.116207838058472
backspace,5.9801130294799805
space,7.108618974685669
