key,time
mouse_click,0.2714352607727051
space,1.2473564147949219
space,2.575561046600342
q,3.7472941875457764
w,5.048158645629883
space,6.539708137512207
w,7.64279842376709
