key,time
mouse_click,3.028043746948242
w,4.793421268463135
r,5.888870477676392
w,7.444697856903076
