key,time
mouse_click,0.37683892250061035
f,1.077528476715088
q,2.2223076820373535
e,3.350586175918579
f,4.433494806289673
f,5.662548780441284
f,6.83862566947937
