key,time
mouse_click,0.5496742725372314
q,2.001718044281006
t,3.8310537338256836
r,5.013246059417725
g,6.332146644592285
a,7.461082220077515
