key,time
mouse_click,0.7539572715759277
g,2.724250316619873
f,3.575817823410034
s,4.611309051513672
mouse_click,6.4338672161102295
