key,time
mouse_click,0.4334533214569092
backspace,1.2702105045318604
space,2.384981393814087
q,3.6565558910369873
w,4.81823205947876
e,5.901514053344727
r,7.058568477630615
