key,time
mouse_click,0.29366421699523926
r,0.788386344909668
backspace,2.304041862487793
backspace,3.427605390548706
r,4.648597002029419
s,5.79779577255249
r,6.980540037155151
