key,time
mouse_click,0.39568591117858887
r,1.203331470489502
g,2.2482168674468994
r,3.546081781387329
g,4.792240381240845
f,5.887429237365723
d,7.146317481994629
f,8.205044031143188
