key,time
mouse_click,0.32126617431640625
g,1.796649694442749
d,3.159579038619995
q,4.332594633102417
e,5.723683834075928
r,6.7771079540252686
f,7.922771453857422
