key,time
mouse_click,0.7622425556182861
r,1.6085896492004395
backspace,2.601637125015259
d,3.6181273460388184
e,4.685885190963745
f,5.728556871414185
s,6.832157135009766
r,7.906242609024048
