key,time
mouse_click,0.3771038055419922
r,1.294311761856079
backspace,2.844801425933838
g,4.432018995285034
a,6.029799699783325
d,7.659751653671265
