key,time
mouse_click,0.6145827770233154
f,3.1067419052124023
d,4.015897035598755
g,4.8904407024383545
q,5.7509377002716064
q,6.670767307281494
q,7.587968587875366
