key,time
mouse_click,0.4404919147491455
e,1.5277109146118164
f,2.6618828773498535
backspace,3.687790632247925
d,4.765773773193359
w,5.882675647735596
q,6.985982179641724
a,8.08969497680664
