key,time
mouse_click,0.2916076183319092
r,1.5786118507385254
r,3.229346990585327
r,4.523742914199829
a,5.742464542388916
s,7.191002368927002
