key,time
a,1.5250399112701416
space,2.612143039703369
e,4.803739070892334
space,5.706700563430786
a,6.941141605377197
space,7.967189788818359
