key,time
mouse_click,0.513725757598877
r,1.263491153717041
backspace,2.42232084274292
e,3.4931254386901855
backspace,4.620795965194702
r,5.740241289138794
space,6.867518901824951
w,7.875302314758301
