key,time
mouse_click,0.46469759941101074
s,2.129685640335083
d,3.3310067653656006
q,4.47272801399231
e,5.5984814167022705
d,6.614689111709595
f,7.899499177932739
