key,time
space,2.160673141479492
a,3.326292037963867
space,4.468515396118164
a,5.48272705078125
space,6.500676155090332
a,7.527050733566284
