key,time
mouse_click,1.1727862358093262
space,2.1363167762756348
g,3.4730329513549805
f,4.736058473587036
e,5.864351749420166
a,7.061987638473511
