key,time
d,1.225499153137207
space,2.4427592754364014
a,3.654906988143921
space,5.1943581104278564
a,6.548865795135498
