key,time
mouse_click,0.711993932723999
s,2.5430750846862793
d,3.906177282333374
f,5.544801712036133
e,7.073077917098999
