key,time
mouse_click,0.5456335544586182
a,1.4977307319641113
s,2.833416700363159
space,3.9916207790374756
w,5.447524070739746
q,6.643942356109619
e,7.912498474121094
