key,time
mouse_click,2.451110363006592
f,4.4128947257995605
e,5.773377418518066
d,6.9702277183532715
s,8.403956413269043
