key,time
mouse_click,0.9368817806243896
w,2.255073308944702
f,3.4062602519989014
s,4.736441612243652
a,6.023626089096069
d,7.1736791133880615
