key,time
mouse_click,0.36687636375427246
s,1.4831867218017578
backspace,2.5277745723724365
space,3.6990396976470947
s,4.711578369140625
backspace,5.745772838592529
space,7.048186779022217
