key,time
mouse_click,0.4221651554107666
e,1.6736996173858643
r,3.0021119117736816
g,4.169257164001465
f,5.356184720993042
f,6.982928276062012
