key,time
mouse_click,0.999016523361206
s,2.970210552215576
d,4.217207908630371
f,5.567741870880127
e,6.834061622619629
