key,time
mouse_click,1.6548480987548828
space,4.425942420959473
space,5.7699644565582275
space,7.177620887756348
