key,time
mouse_click,0.5799605846405029
a,4.219170570373535
space,6.267914772033691
space,7.611860752105713
