key,time
mouse_click,0.442122220993042
space,1.2142164707183838
space,2.5423035621643066
space,4.029977083206177
space,5.454571485519409
space,6.862447023391724
