key,time
mouse_click,0.5073003768920898
q,1.3634133338928223
q,2.467113971710205
q,3.394641160964966
q,4.3711464405059814
q,5.4912214279174805
q,6.514950752258301
q,7.555379390716553
