key,time
mouse_click,0.5933792591094971
f,2.5220348834991455
f,3.801588535308838
f,5.162211656570435
f,6.55385160446167
f,7.913736343383789
