key,time
mouse_click,0.5333549976348877
mouse_click,2.3467955589294434
mouse_click,3.3021275997161865
a,4.9807915687561035
a,6.180209398269653
a,7.524609565734863
