key,time
mouse_click,0.6691653728485107
a,2.355036497116089
a,3.6188979148864746
a,4.899331092834473
a,6.178675889968872
a,7.618646144866943
