key,time
mouse_click,2.6406729221343994
mouse_click,4.009075403213501
