key,time
d,1.129434585571289
d,2.056877851486206
s,3.3369944095611572
d,4.473003625869751
f,5.544554233551025
q,6.777185440063477
