key,time
mouse_click,1.1972954273223877
q,2.525672197341919
space,3.532984495162964
q,4.492690801620483
space,5.565593719482422
q,6.524879217147827
space,7.51713228225708
