key,time
g,1.2715330123901367
g,2.40749192237854
q,3.623992681503296
w,4.759504318237305
r,5.927265882492065
s,7.063608646392822
f,8.199718236923218
