key,time
space,0.583240270614624
d,1.6069679260253906
space,2.695774555206299
q,4.070897340774536
f,5.095306158065796
s,6.182888746261597
e,7.238988161087036
