key,time
space,2.211590528488159
a,4.210855007171631
space,6.147426605224609
a,8.130566358566284
