key,time
d,0.49851274490356445
d,1.2821791172027588
d,2.2423577308654785
d,3.2662575244903564
d,4.386106252670288
d,5.490199327468872
d,6.754089117050171
d,7.826148748397827
