key,time
w,1.3026514053344727
g,2.3269054889678955
e,3.2550573348999023
w,4.263291597366333
g,5.350510120391846
e,6.375008821487427
w,7.415806770324707
