key,time
mouse_click,0.3762667179107666
d,1.1915817260742188
d,2.280423402786255
d,3.2554688453674316
d,4.280061483383179
d,5.3677146434783936
d,6.391825437545776
d,7.527424335479736
