key,time
mouse_scroll,0.7207808494567871
mouse_scroll,2.1056313514709473
mouse_scroll,3.497326374053955
mouse_scroll,4.721649646759033
mouse_scroll,6.160631895065308
mouse_scroll,7.177761077880859
