key,time
mouse_click,0.5260121822357178
mouse_click,2.3986246585845947
mouse_click,3.8466057777404785
mouse_click,5.974029779434204
mouse_click,7.630316972732544
