key,time
mouse_click,0.25666236877441406
s,1.2330760955810547
s,2.208714008331299
s,3.3929872512817383
s,4.416468858718872
s,5.440933465957642
s,6.656826019287109
s,7.7607715129852295
