key,time
s,1.2453594207763672
s,2.2367537021636963
s,3.276193380355835
s,4.284332275390625
s,5.276919841766357
s,6.284802198410034
s,7.276980400085449
