key,time
g,1.1156871318817139
backspace,2.1067912578582764
g,3.1787004470825195
backspace,4.1386942863464355
g,5.290870189666748
backspace,6.458892583847046
g,7.6267030239105225
