key,time
r,0.7941701412200928
r,1.7386174201965332
r,2.681669235229492
r,3.6101245880126953
r,4.58569860458374
r,5.545382261276245
r,6.5214478969573975
r,7.610717535018921
