key,time
mouse_click,1.6139659881591797
g,2.4625163078308105
g,3.39062237739563
g,4.5744850635528564
g,5.5660951137542725
g,6.573936462402344
g,7.566012620925903
