key,time
mouse_click,0.5535249710083008
mouse_click,2.0965259075164795
mouse_click,3.664954423904419
mouse_click,5.041256904602051
mouse_click,6.497749328613281
mouse_click,7.873792409896851
