key,time
mouse_click,0.4127175807952881
s,1.8756301403045654
r,3.3478009700775146
s,4.451841592788696
r,6.2761452198028564
mouse_click,6.9877424240112305
s,7.860118389129639
