key,time
w,1.2106504440307617
r,2.250256299972534
w,3.1943516731262207
r,4.298349618911743
w,5.321990489959717
r,6.425822973251343
w,7.545844078063965
