key,time
r,1.0767652988433838
g,2.0049755573272705
r,3.1240603923797607
g,4.052748918533325
r,5.044788837432861
g,6.053059101104736
r,7.0764124393463135
g,8.020463466644287
