key,time
mouse_click,0.34803056716918945
f,1.0836753845214844
f,2.1396408081054688
f,3.1156082153320312
f,4.219917297363281
f,5.339779853820801
f,6.411355018615723
f,7.563823938369751
