key,time
mouse_click,0.24209880828857422
f,1.2499852180480957
f,2.2254796028137207
f,3.2818751335144043
f,4.369609355926514
f,5.410092830657959
f,6.545418739318848
f,7.6180009841918945
