key,time
e,1.156048059463501
s,2.036243438720703
a,2.995981216430664
s,3.923967123031616
e,4.867179870605469
d,5.780020713806152
q,6.851667165756226
a,7.779568433761597
