key,time
mouse_click,0.27353501319885254
a,1.393712043762207
r,2.3539066314697266
r,4.209977388381958
r,5.297654628753662
r,6.92968487739563
r,7.921260833740234
