key,time
f,1.575976848602295
f,2.5200998783111572
f,3.607593536376953
f,4.760115623474121
f,5.911497354507446
f,7.031795978546143
f,8.2312753200531
