key,time
space,1.5198071002960205
a,3.7760560512542725
backspace,5.839550971984863
space,7.615635633468628
