key,time
w,1.4674873352050781
a,2.5871329307556152
s,3.8026368618011475
e,4.987090110778809
f,6.347128629684448
d,7.611454248428345
