key,time
mouse_scroll,0.6547083854675293
mouse_scroll,1.8788104057312012
mouse_scroll,2.9260175228118896
mouse_scroll,4.390985488891602
mouse_scroll,5.406502723693848
mouse_scroll,6.414966821670532
mouse_scroll,7.446634292602539
