key,time
d,3.531813859939575
space,4.523960590362549
a,5.643577814102173
space,6.843835830688477
d,7.771880149841309
