key,time
a,1.157975435256958
space,3.4139280319213867
a,4.357933521270752
backspace,5.669569969177246
space,6.629765272140503
a,7.58932638168335
