key,time
w,1.2788007259368896
w,2.174668788909912
w,3.166276216506958
w,4.142744779586792
w,5.230483293533325
w,6.23854398727417
w,7.278466701507568
