key,time
mouse_click,0.23366475105285645
a,2.2422244548797607
s,3.6503570079803467
d,4.817595720291138
f,6.06665825843811
a,7.442464113235474
