key,time
mouse_click,0.27487635612487793
s,1.266597032546997
s,2.259431838989258
s,3.234874725341797
s,4.370893239974976
s,5.522697448730469
a,6.770420074462891
a,7.8907434940338135
