key,time
g,1.0880889892578125
backspace,2.1913843154907227
g,3.4240646362304688
backspace,4.399558067321777
g,5.503340721130371
backspace,6.463388442993164
g,7.5677571296691895
