key,time
e,0.43406152725219727
e,1.5700476169586182
e,2.7540104389190674
e,3.9221291542053223
a,4.978043556213379
d,6.162329196929932
a,7.233426809310913
d,8.146048069000244
