key,time
mouse_click,0.20868182182312012
f,4.889113903045654
f,5.929051399230957
f,7.2092297077178955
