key,time
w,0.6539289951324463
e,1.5820038318634033
a,2.909902572631836
s,4.206540107727051
d,5.277720212936401
f,6.477421283721924
a,7.5980448722839355
