key,time
a,1.5265324115753174
s,2.7422144412994385
q,3.8623383045196533
f,5.174387454986572
a,6.50173807144165
s,7.781889200210571
