key,time
mouse_click,0.20212149620056152
g,1.1542911529541016
backspace,2.0504612922668457
g,3.1864075660705566
backspace,4.1783127784729
g,5.313553094863892
backspace,6.338313341140747
g,7.553721189498901
