key,time
w,1.010634422302246
r,2.0987355709075928
w,3.282134771347046
r,4.354077100753784
w,5.474088907241821
r,6.610308408737183
w,7.906067371368408
