key,time
s,0.7808332443237305
s,1.932546854019165
s,2.924043655395508
s,3.9647583961486816
s,4.92470121383667
s,5.91593599319458
s,6.971808433532715
s,7.996471405029297
