key,time
mouse_click,1.0103440284729004
mouse_click,2.834812879562378
mouse_click,4.323766708374023
mouse_click,5.850966453552246
mouse_click,7.346620321273804
