key,time
w,1.141136884689331
e,2.2130541801452637
w,3.3652210235595703
e,4.453433513641357
w,5.669072151184082
a,6.901673316955566
w,7.877922296524048
