key,time
q,1.3101401329040527
s,2.3978426456451416
a,3.581461191177368
f,4.91017746925354
s,6.334197521209717
f,7.581555366516113
