key,time
a,1.6884021759033203
a,3.432938575744629
a,5.288626670837402
space,7.352593183517456
