key,time
mouse_click,0.2850766181945801
q,1.3892557621002197
q,2.4131035804748535
q,3.5648443698883057
q,4.749360084533691
q,5.821248531341553
q,6.9892189502716064
q,8.04507851600647
