key,time
mouse_click,0.624190092086792
q,1.8230364322662354
q,2.8314261436462402
e,4.830737352371216
g,6.014965295791626
