key,time
mouse_click,2.1870198249816895
mouse_click,4.1468119621276855
mouse_click,6.218801021575928
