key,time
mouse_click,0.23169589042663574
g,1.6322619915008545
q,2.5918967723846436
space,3.6482439041137695
backspace,4.7363059520721436
space,5.823688507080078
q,6.880059242248535
space,7.872272253036499
