key,time
backspace,1.1441779136657715
backspace,2.248166084289551
backspace,3.4794561862945557
backspace,4.8404130935668945
s,6.040381669998169
backspace,7.224330186843872
