key,time
r,0.8594198226928711
w,1.7549359798431396
r,2.907116651535034
w,4.026935577392578
r,5.274094581604004
w,6.442431211471558
r,7.690213918685913
