key,time
s,1.5108642578125
f,2.5351836681365967
a,3.6551880836486816
q,4.791177749633789
s,5.990977764129639
f,7.159651756286621
