key,time
space,1.3899197578430176
d,2.301795244216919
space,3.3098199367523193
space,4.381160259246826
space,5.421575546264648
space,6.5736613273620605
space,7.613507270812988
