key,time
e,0.7983500957489014
e,1.9347245693206787
e,2.8782732486724854
e,3.9027299880981445
e,5.006872892379761
e,5.98213005065918
e,7.134749889373779
