key,time
mouse_click,0.2662079334259033
w,0.9547066688537598
e,1.9463419914245605
g,3.0513179302215576
w,4.138504266738892
e,5.3547682762146
g,6.6664135456085205
w,7.802874565124512
