key,time
w,1.8797309398651123
e,2.8556125164031982
a,4.07135534286499
space,5.5115766525268555
e,7.031235456466675
a,8.071648597717285
