key,time
mouse_click,0.9687912464141846
mouse_click,2.488813638687134
mouse_click,4.088603973388672
mouse_click,5.6252405643463135
mouse_click,7.224736452102661
