key,time
r,1.24713134765625
w,2.2720205783843994
r,3.342895984649658
w,4.463433265686035
r,5.791470050811768
w,7.183710813522339
