key,time
mouse_click,0.2196516990661621
mouse_scroll,0.8039779663085938
mouse_scroll,2.084172248840332
mouse_scroll,3.098938465118408
mouse_scroll,4.107842445373535
mouse_scroll,5.475653886795044
mouse_scroll,6.619075298309326
mouse_scroll,7.627979040145874
