key,time
mouse_click,0.7795031070709229
g,1.6270785331726074
g,2.619335174560547
g,3.5470104217529297
g,4.603075742721558
g,5.723193168640137
g,6.715112924575806
g,7.803025960922241
