key,time
d,1.186215877532959
s,2.2743031978607178
f,3.4100561141967773
s,4.4500648975372314
d,5.553663730621338
f,6.706491470336914
q,7.890199661254883
