key,time
mouse_click,0.3982114791870117
r,1.237835168838501
g,2.277665615081787
r,3.173726797103882
g,4.165203809738159
r,5.077553987503052
g,5.958343029022217
r,6.917317152023315
g,7.781231164932251
