key,time
q,0.558466911315918
w,1.454883337020874
e,2.479074239730835
g,3.5510480403900146
q,4.703219890594482
w,5.743119478225708
e,6.751271486282349
g,7.806477308273315
