key,time
mouse_click,0.6863656044006348
mouse_click,2.237802505493164
mouse_click,3.8062851428985596
mouse_click,5.3893654346466064
mouse_click,7.158118724822998
