key,time
w,0.896977424621582
e,1.824491262435913
g,2.8168556690216064
q,3.888399362564087
w,5.567981958389282
e,6.720773696899414
g,7.8242027759552
