key,time
a,1.0619935989379883
a,3.750265598297119
space,4.853940010070801
a,5.87761926651001
space,6.901915073394775
a,7.910066604614258
