key,time
space,0.9145534038543701
a,2.337925910949707
space,4.546326398849487
a,5.92214035987854
space,7.633973121643066
