key,time
f,1.3346998691558838
d,2.5670673847198486
q,3.9109184741973877
f,5.302788257598877
