key,time
f,1.791435718536377
s,2.5594074726104736
a,3.56669545173645
q,5.263217210769653
f,6.526723146438599
s,7.535005807876587
