key,time
backspace,1.2325985431671143
backspace,2.799835205078125
backspace,4.463469505310059
backspace,6.240182638168335
backspace,8.064114809036255
