key,time
space,1.3899998664855957
a,3.134225368499756
backspace,4.749518156051636
space,6.397448301315308
a,8.077434062957764
