key,time
mouse_click,0.3709259033203125
mouse_click,2.3154172897338867
mouse_click,4.003158092498779
mouse_click,5.795430421829224
mouse_click,7.266455173492432
