key,time
mouse_click,1.1960904598236084
mouse_click,2.396153688430786
mouse_click,4.388204574584961
mouse_click,6.908514976501465
