key,time
mouse_scroll,0.3745455741882324
mouse_scroll,1.3829970359802246
mouse_scroll,2.446683645248413
mouse_scroll,3.8950388431549072
mouse_scroll,4.927066087722778
mouse_scroll,6.43934178352356
mouse_scroll,7.446571350097656
