key,time
s,0.697329044342041
q,1.7054262161254883
a,2.84078311920166
f,4.0404746532440186
s,5.128494739532471
a,6.265249013900757
q,7.561018228530884
