key,time
s,0.5446732044219971
e,1.6958560943603516
q,2.5603976249694824
r,3.6006481647491455
w,4.672532796859741
a,5.696573972702026
w,6.9442150592803955
q,8.048709630966187
