key,time
s,1.5834696292877197
d,3.0081024169921875
s,4.543217182159424
d,6.19219708442688
f,7.6483025550842285
