key,time
g,1.4471476078033447
backspace,2.3105804920196533
g,3.5589230060577393
backspace,4.487129211425781
g,5.623088121414185
backspace,6.615094900131226
g,7.767047166824341
