key,time
mouse_click,0.29224467277526855
f,1.2445902824401855
f,2.4762327671051025
f,3.6924662590026855
f,4.844212532043457
f,6.0278685092926025
f,7.035979747772217
f,8.091728925704956
