key,time
mouse_click,0.2598249912261963
r,2.3889012336730957
r,3.412862539291382
r,4.4360620975494385
r,5.444737672805786
r,6.500570774078369
r,7.476297616958618
