key,time
mouse_click,0.9806795120239258
a,2.572880268096924
e,4.31666111946106
s,5.772485971450806
d,7.244401931762695
