key,time
mouse_click,0.18599963188171387
mouse_click,1.5063796043395996
mouse_click,3.0022003650665283
mouse_click,5.698359966278076
