key,time
w,1.0547432899475098
w,1.9669678211212158
w,2.926833152770996
w,3.822377920150757
w,4.766716718673706
w,5.759296655654907
w,6.702502727508545
w,7.694631099700928
