key,time
r,1.214005947113037
w,2.1895618438720703
r,3.2304773330688477
w,4.286424160003662
r,5.533991813659668
w,6.6389758586883545
r,7.869900226593018
