key,time
mouse_click,0.21174860000610352
w,1.8930459022521973
r,3.395855665206909
w,4.804210901260376
space,6.212510108947754
space,7.3323304653167725
