key,time
backspace,1.3091647624969482
backspace,2.26853346824646
backspace,3.276918649673462
backspace,4.540515184402466
backspace,5.82022762298584
backspace,6.844387054443359
backspace,8.091689348220825
