key,time
mouse_click,3.7931368350982666
mouse_click,6.472681522369385
