key,time
mouse_click,0.31411075592041016
mouse_scroll,1.2019965648651123
mouse_scroll,2.794037342071533
mouse_scroll,4.209909677505493
mouse_scroll,5.369471311569214
mouse_scroll,6.45767068862915
mouse_scroll,7.730056285858154
