key,time
e,0.7959737777709961
e,1.6440935134887695
q,2.539747476577759
e,3.4515717029571533
s,4.332064867019653
d,5.291378021240234
e,6.075656175613403
s,6.939547538757324
e,7.739043235778809
