key,time
mouse_click,0.48538851737976074
g,1.964773416519165
backspace,2.8293309211730957
g,3.93353009223938
backspace,4.813534736633301
g,5.996960878372192
backspace,6.781223297119141
g,7.789279460906982
