key,time
space,1.6001486778259277
space,2.687121868133545
space,3.807915210723877
g,4.847135543823242
w,5.7593607902526855
s,6.863523244857788
a,7.935779094696045
