key,time
a,1.3736131191253662
s,2.445240020751953
f,3.5010650157928467
q,4.525921821594238
f,5.613441705703735
a,6.685639381408691
q,8.013091564178467
