key,time
mouse_click,0.4874110221862793
s,1.526893138885498
s,2.5669829845428467
s,3.543504238128662
s,4.6796064376831055
s,5.815280199050903
s,6.919155597686768
s,8.0708167552948
