key,time
space,1.5310020446777344
backspace,3.4343671798706055
a,5.53029990196228
enter,7.450391054153442
