key,time
space,1.4328875541687012
space,2.8405537605285645
a,4.569202899932861
space,6.2646660804748535
space,7.960962295532227
