key,time
mouse_click,1.183943271636963
d,2.1917691230773926
f,3.327383041381836
d,4.399829864501953
f,5.679361820220947
d,6.783193826675415
f,7.967146873474121
