key,time
q,1.7980010509490967
f,2.869765520095825
s,3.9101901054382324
e,5.030141353607178
a,5.957812070846558
d,7.078257083892822
space,7.989583969116211
