key,time
g,2.535797357559204
backspace,3.7679712772369385
g,5.0478949546813965
backspace,6.343859672546387
g,7.719899892807007
