key,time
mouse_click,1.877584457397461
mouse_click,3.3979244232177734
mouse_click,5.325198411941528
