key,time
backspace,0.7759904861450195
backspace,1.9437572956085205
backspace,3.095717191696167
backspace,4.215847492218018
backspace,5.3677685260772705
backspace,6.487400054931641
space,7.54412317276001
