key,time
mouse_click,0.47641801834106445
backspace,2.4127273559570312
backspace,3.3885984420776367
backspace,4.300530433654785
backspace,5.260177135467529
backspace,6.3006980419158936
backspace,7.451940059661865
