key,time
s,1.4798662662506104
s,2.4884135723114014
s,3.5278303623199463
s,4.600595712661743
s,5.656146764755249
s,6.71184778213501
s,7.816261291503906
