key,time
r,0.6619319915771484
r,1.6371369361877441
r,2.629138469696045
r,3.6534860134124756
r,4.661737442016602
r,5.621631860733032
r,6.806132555007935
r,7.829809665679932
