key,time
mouse_click,0.37369608879089355
mouse_click,2.133586883544922
mouse_click,3.8293416500091553
mouse_click,5.637564420700073
mouse_click,7.253427743911743
