key,time
mouse_click,0.3309292793273926
q,1.915498971939087
q,2.9716196060180664
q,3.9635324478149414
q,4.955171823501587
q,5.9630208015441895
q,6.923405170440674
q,8.011094093322754
