key,time
backspace,3.0257246494293213
backspace,4.114148855209351
backspace,5.121897459030151
backspace,6.162155389785767
backspace,7.169889688491821
backspace,8.161796808242798
