key,time
d,1.48012113571167
space,2.568087577819824
a,3.512528657913208
e,4.599449872970581
e,5.784017086029053
e,6.9839699268341064
e,8.120014905929565
