key,time
f,1.3060479164123535
f,2.1219725608825684
f,3.0187783241271973
f,3.946139097213745
f,4.890339136123657
f,5.802380323410034
f,6.9551098346710205
f,8.0105299949646
