key,time
f,0.9559204578399658
d,2.156379461288452
s,3.5157113075256348
a,4.779825687408447
s,5.900331735610962
d,7.1472883224487305
