key,time
mouse_click,0.3215458393096924
a,2.974541187286377
a,4.270031213760376
a,5.550172805786133
a,6.862056732177734
