key,time
mouse_click,0.6588761806488037
space,2.251939535140991
space,3.660055160522461
space,4.859807729721069
space,6.203810930252075
space,7.532026529312134
