key,time
mouse_click,0.6626765727996826
a,2.376007080078125
a,3.5597617626190186
a,4.775937557220459
a,6.071713447570801
a,7.4632909297943115
