key,time
mouse_click,0.7685256004333496
space,2.399170398712158
space,3.615363359451294
space,4.9433839321136475
space,6.28739333152771
space,7.710802793502808
