key,time
q,1.256314754486084
q,2.0882275104522705
q,3.0323410034179688
q,3.9118082523345947
q,4.808132171630859
q,5.736849069595337
q,6.7605650424957275
