key,time
mouse_click,1.337677001953125
f,3.153355598449707
f,4.6256022453308105
f,6.20993185043335
f,7.777750015258789
