key,time
mouse_click,0.21706223487854004
e,1.5651018619537354
g,2.38779354095459
w,3.3574435710906982
a,4.282690763473511
s,5.267542123794556
t,6.536864995956421
q,7.468635082244873
