key,time
mouse_click,0.2344951629638672
e,1.3409481048583984
e,2.5222177505493164
g,3.8132483959198
s,5.252604961395264
s,6.372002124786377
g,7.618308067321777
