key,time
mouse_click,0.3169703483581543
space,1.4629313945770264
a,2.5615344047546387
s,3.6533899307250977
space,4.755485534667969
q,5.845463037490845
a,6.997389078140259
s,8.092128276824951
