key,time
mouse_click,0.6889984607696533
backspace,1.9578537940979004
space,2.9870972633361816
backspace,3.9932572841644287
space,4.981507778167725
backspace,5.989352226257324
space,7.05483078956604
