key,time
mouse_click,0.19518160820007324
e,1.717918872833252
g,2.9934678077697754
q,4.340909957885742
backspace,5.46742057800293
f,6.50500750541687
f,7.641371011734009
