key,time
mouse_click,0.43137288093566895
backspace,1.8358936309814453
space,3.0286080837249756
space,4.110833406448364
t,5.342736721038818
backspace,6.4473841190338135
space,7.51371955871582
