key,time
mouse_click,0.6905381679534912
space,3.3487277030944824
backspace,4.955447196960449
e,6.352386236190796
space,7.7391369342803955
