key,time
mouse_click,0.3924846649169922
q,2.046584367752075
a,3.312979221343994
s,4.786897420883179
g,6.173166036605835
r,7.825050115585327
