key,time
mouse_click,0.413036584854126
g,1.5642313957214355
g,2.8329944610595703
g,4.266733169555664
g,5.683478832244873
r,7.2340781688690186
