key,time
d,1.4537911415100098
mouse_click,2.4320719242095947
d,2.8987936973571777
d,4.116866111755371
g,5.1790244579315186
g,6.37289023399353
r,7.484880685806274
