key,time
mouse_click,0.5159780979156494
w,1.6419994831085205
e,2.7188680171966553
f,3.8957557678222656
a,5.140568733215332
s,6.2864990234375
d,7.54533576965332
