key,time
mouse_click,0.8868319988250732
q,1.9839344024658203
q,3.1447060108184814
q,4.454237461090088
q,5.631272077560425
g,6.663156747817993
g,7.853588104248047
