key,time
space,1.509641170501709
r,2.66804575920105
s,4.561527252197266
t,5.863012790679932
w,7.15912389755249
