key,time
mouse_click,0.3974792957305908
w,1.2395734786987305
space,2.2899062633514404
backspace,3.2739293575286865
s,4.307613134384155
d,5.356024980545044
a,6.497206211090088
space,7.535179376602173
