key,time
mouse_click,0.6849100589752197
backspace,1.6868915557861328
space,2.7138431072235107
q,3.646883726119995
q,4.63975715637207
q,5.6387107372283936
q,6.601932048797607
q,7.7237701416015625
