key,time
mouse_click,0.41178274154663086
a,1.5513601303100586
s,2.720534563064575
d,3.878655195236206
f,5.066955804824829
a,6.273053169250488
s,7.430025815963745
