key,time
mouse_click,0.39731597900390625
backspace,1.2716333866119385
backspace,2.604170799255371
backspace,3.7129409313201904
e,4.948734521865845
a,5.97783637046814
space,7.210307598114014
