key,time
mouse_click,0.8167440891265869
g,1.8956105709075928
w,3.2939062118530273
q,4.62613320350647
e,6.557955980300903
