key,time
mouse_click,0.37703752517700195
q,1.446249008178711
r,2.6936545372009277
w,3.8811657428741455
space,5.106957912445068
e,6.257817029953003
g,7.655812501907349
