key,time
s,1.1938681602478027
d,2.193128824234009
e,3.3185532093048096
f,4.480896234512329
d,5.562040328979492
s,6.753487825393677
space,7.89479398727417
