key,time
mouse_click,0.725121021270752
space,1.5603811740875244
backspace,2.515927314758301
space,3.5300421714782715
backspace,4.76228141784668
space,5.83909010887146
d,6.89490818977356
space,7.949471950531006
