key,time
mouse_click,0.25946784019470215
s,1.1401095390319824
w,2.167821168899536
space,3.4157488346099854
a,4.512311935424805
r,5.727785348892212
w,6.846644401550293
s,8.162628650665283
