key,time
mouse_click,0.29973483085632324
e,2.1515069007873535
f,3.4245662689208984
d,5.254400730133057
s,6.545624494552612
a,8.056833267211914
