key,time
mouse_click,0.47858333587646484
e,1.9607741832733154
e,2.8870866298675537
space,3.867042303085327
e,5.590582609176636
e,6.590696096420288
space,7.705542802810669
