key,time
mouse_click,0.31537866592407227
g,1.051736831665039
d,2.004314661026001
f,3.161376714706421
w,4.372368335723877
a,5.49721622467041
backspace,6.72294807434082
f,7.769083023071289
