key,time
mouse_click,0.35652613639831543
f,0.9333655834197998
g,1.8050267696380615
d,2.754359483718872
w,3.86295485496521
f,4.900454759597778
g,5.9901018142700195
f,7.377104759216309
