key,time
w,1.0709095001220703
e,2.2591121196746826
r,3.4883005619049072
a,4.783200263977051
f,6.131478786468506
g,7.592827558517456
