key,time
e,1.2085912227630615
a,2.5266876220703125
g,3.5812485218048096
d,4.640536069869995
a,5.608768463134766
s,6.739293336868286
g,7.833711385726929
