key,time
mouse_click,0.36731719970703125
f,1.372929334640503
r,2.557893991470337
backspace,3.765906572341919
g,4.874582767486572
e,5.999505281448364
a,7.133621692657471
