key,time
mouse_click,0.41518402099609375
q,2.3664143085479736
space,3.574500560760498
q,4.635848760604858
e,5.732978820800781
w,6.98259711265564
