key,time
g,1.027256727218628
g,2.630552291870117
w,4.465407848358154
e,6.070410490036011
q,8.001056432723999
