key,time
w,1.0078046321868896
r,2.1115925312042236
s,3.16054630279541
e,4.449299573898315
a,5.597507953643799
q,7.286910772323608
