key,time
mouse_click,0.27162671089172363
q,1.276562213897705
f,2.1884891986846924
r,3.2174224853515625
q,4.227691650390625
f,5.274765491485596
r,6.282664060592651
s,7.372592210769653
