key,time
mouse_click,0.2611095905303955
q,1.0063772201538086
space,2.1998040676116943
a,3.4220364093780518
s,4.489398002624512
d,5.635038137435913
w,6.737843036651611
e,7.865785837173462
