key,time
space,1.2669999599456787
d,2.3366305828094482
f,3.3994247913360596
backspace,4.365417003631592
e,5.686505556106567
s,6.955738306045532
