key,time
mouse_click,0.5214352607727051
q,2.1280524730682373
e,3.2449986934661865
g,4.33362340927124
q,5.428605556488037
e,6.466644525527954
g,7.607267141342163
