key,time
mouse_click,0.21094322204589844
d,1.4747231006622314
g,2.5395774841308594
s,3.5978386402130127
e,4.578198432922363
f,5.6249682903289795
w,6.774066686630249
