key,time
mouse_click,0.3622465133666992
g,1.3555498123168945
f,2.5868077278137207
g,3.7675342559814453
backspace,4.87725567817688
space,6.201679706573486
backspace,7.351832628250122
