key,time
mouse_click,0.44735050201416016
e,1.162363052368164
f,2.457078218460083
w,3.682117223739624
a,4.757322311401367
q,6.076746940612793
w,7.45158314704895
