key,time
mouse_click,0.28368139266967773
r,1.3794550895690918
f,2.484354019165039
q,3.563532590866089
r,4.922956943511963
w,6.194633960723877
f,7.441742181777954
