key,time
mouse_click,0.421947717666626
a,1.3269848823547363
a,2.431269407272339
r,3.5168938636779785
f,4.654468297958374
q,5.816508531570435
a,6.990522384643555
