key,time
mouse_click,0.3303520679473877
g,1.4511713981628418
w,2.44277286529541
g,3.4328668117523193
w,4.382805824279785
g,5.369622707366943
w,6.2497718334198
g,7.310155153274536
