key,time
a,1.3040273189544678
s,2.4577035903930664
s,4.008410692214966
d,5.447702407836914
e,6.657684087753296
f,8.037905216217041
