key,time
mouse_click,0.36374759674072266
g,2.136573076248169
w,3.5184476375579834
q,4.791005849838257
r,6.113458633422852
e,7.3510260581970215
