key,time
mouse_click,0.46807193756103516
a,1.1379659175872803
s,2.114924907684326
a,3.0815834999084473
s,4.189092397689819
d,5.241857528686523
a,6.309455394744873
s,7.367447137832642
