key,time
mouse_click,0.6243894100189209
a,2.142723560333252
s,3.7461166381835938
d,5.596227169036865
e,7.290280103683472
