key,time
g,1.8095111846923828
d,2.9521870613098145
q,4.060761213302612
f,5.191219806671143
r,6.31902813911438
g,8.103173017501831
