key,time
a,1.3309457302093506
space,2.4087257385253906
a,3.4328043460845947
space,4.495006322860718
a,5.592334508895874
space,6.731409788131714
a,7.7389562129974365
