key,time
mouse_click,0.731072187423706
d,1.5415780544281006
f,2.6717748641967773
a,3.8999836444854736
q,5.16797137260437
r,6.5663745403289795
g,7.752215623855591
