key,time
mouse_click,0.5068540573120117
d,1.378894329071045
d,2.582019805908203
backspace,3.4794907569885254
e,4.481327772140503
space,5.618476629257202
a,6.564439296722412
s,7.656703233718872
