key,time
q,2.2172560691833496
space,3.7233598232269287
space,4.744370460510254
space,5.815778970718384
a,6.829854726791382
s,7.929414749145508
