key,time
mouse_click,2.10817813873291
s,3.252232074737549
d,4.406000137329102
f,5.535874605178833
e,6.727101802825928
a,7.946242809295654
