key,time
mouse_click,0.40583324432373047
f,1.3715181350708008
e,2.293747901916504
w,3.027614116668701
s,4.284520626068115
d,5.280777215957642
q,6.607741832733154
a,7.334190368652344
