key,time
mouse_click,0.5233864784240723
s,1.9469611644744873
e,2.9979288578033447
f,4.204929828643799
mouse_click,5.002894163131714
d,5.71812629699707
a,7.449474811553955
