key,time
mouse_click,0.4361591339111328
mouse_click,2.1703860759735107
e,3.1421377658843994
f,4.289513111114502
g,5.21931791305542
a,6.294159173965454
backspace,7.2858192920684814
