key,time
mouse_click,0.33094215393066406
w,1.2240734100341797
a,2.3599555492401123
s,3.3805246353149414
d,4.463535308837891
q,5.552674055099487
w,6.598569631576538
r,7.646306991577148
