key,time
mouse_click,0.8054533004760742
f,2.2794899940490723
e,3.5026633739471436
g,4.586590766906738
r,5.803233861923218
f,7.083965539932251
