key,time
mouse_click,0.46803808212280273
q,2.1688427925109863
e,3.4680237770080566
g,4.781392335891724
q,6.383317470550537
e,7.594294548034668
