key,time
mouse_click,3.051926374435425
e,4.0805559158325195
r,5.622713327407837
mouse_click,6.683444499969482
