key,time
s,1.4882702827453613
r,2.7519543170928955
q,4.11565637588501
a,5.472435235977173
a,7.127566576004028
