key,time
mouse_click,0.3269329071044922
r,1.2103426456451416
f,2.4505207538604736
g,3.4944863319396973
e,4.841292142868042
backspace,5.92029333114624
e,7.072182893753052
