key,time
q,2.1278762817382812
g,3.8217215538024902
e,5.216428756713867
space,6.524625539779663
s,7.895763158798218
