key,time
mouse_click,0.5130064487457275
e,1.9530768394470215
g,3.2486023902893066
backspace,4.730641841888428
g,5.897132635116577
e,7.01380467414856
