key,time
mouse_click,0.3922295570373535
d,1.3992016315460205
s,2.743414878845215
r,4.112216949462891
e,5.239422798156738
g,6.525455713272095
backspace,7.635040521621704
