key,time
mouse_click,0.24757671356201172
w,0.8200781345367432
backspace,1.801335096359253
w,2.874734878540039
r,4.052427768707275
backspace,5.218597650527954
w,6.221065044403076
backspace,7.251009225845337
