key,time
q,1.1068181991577148
g,2.0070650577545166
q,2.8714869022369385
g,3.7241485118865967
r,4.517704963684082
w,5.49359917640686
g,7.2357025146484375
