key,time
mouse_click,0.3708982467651367
q,0.9650754928588867
a,2.0154595375061035
s,3.256338596343994
space,4.66807746887207
d,6.077020168304443
s,7.458255767822266
