key,time
mouse_click,0.3480875492095947
e,1.5371849536895752
r,2.5704896450042725
s,3.7749569416046143
g,4.844109535217285
e,5.922488451004028
g,6.956117868423462
e,7.995003938674927
