key,time
space,2.229964017868042
a,3.2979047298431396
space,4.424431085586548
a,5.78457498550415
space,7.045278310775757
