key,time
mouse_click,1.4176349639892578
f,2.619251012802124
d,3.629316806793213
s,4.5977256298065186
e,5.72569465637207
f,6.7592933177948
a,7.8360936641693115
