key,time
mouse_click,0.6256468296051025
s,1.8805773258209229
d,3.2131869792938232
f,4.618639707565308
e,5.965022087097168
a,7.2665040493011475
