key,time
mouse_click,0.32550621032714844
f,1.2496614456176758
f,2.3367433547973633
r,3.4214868545532227
q,4.593527793884277
g,5.767046689987183
f,7.029856443405151
