key,time
mouse_click,0.797250509262085
f,2.0402884483337402
g,3.276862859725952
d,4.515251398086548
e,6.01152777671814
s,7.3692896366119385
