key,time
mouse_click,0.25554442405700684
e,1.2954070568084717
f,2.2135140895843506
w,3.279743194580078
a,4.203015089035034
q,5.271982192993164
g,6.577449560165405
r,7.962747812271118
