key,time
mouse_click,0.21569228172302246
d,1.5241293907165527
q,2.697295904159546
s,3.7291643619537354
e,5.002631425857544
d,6.2987060546875
