key,time
mouse_click,0.4330563545227051
g,1.2141807079315186
d,2.170814275741577
f,3.2402548789978027
g,4.27434229850769
d,5.309733867645264
f,6.24267840385437
d,7.255782604217529
