key,time
mouse_click,0.25541257858276367
r,1.1735806465148926
s,2.6279969215393066
q,3.851750612258911
s,5.40573787689209
r,6.742798805236816
r,8.045494079589844
