key,time
mouse_click,0.22659969329833984
q,1.2360572814941406
q,2.2218801975250244
q,3.4032187461853027
r,4.553126096725464
g,5.681931734085083
q,6.792339086532593
g,8.065901041030884
