key,time
mouse_click,0.597282886505127
g,1.6812853813171387
s,2.732630968093872
g,3.7088348865509033
s,4.845450401306152
g,5.975130796432495
s,7.136723279953003
