key,time
mouse_click,0.9003386497497559
backspace,1.8768253326416016
space,2.9228219985961914
f,5.379057168960571
a,6.814152479171753
