key,time
mouse_click,0.44077587127685547
f,1.5395941734313965
f,2.62697696685791
f,3.7378957271575928
g,4.835673809051514
d,5.811995267868042
d,6.8884031772613525
d,8.000465631484985
