key,time
mouse_click,0.5542006492614746
backspace,1.8547215461730957
space,3.377620220184326
backspace,4.562012672424316
space,5.876398324966431
backspace,7.257399320602417
