key,time
r,1.4415428638458252
g,2.6796724796295166
q,4.100780725479126
q,5.278306007385254
f,6.510363340377808
f,7.811478853225708
