key,time
mouse_click,0.4488685131072998
g,0.966855525970459
q,1.9504597187042236
r,3.100707769393921
g,4.2791736125946045
w,5.3623597621917725
r,6.513383388519287
a,7.717729330062866
