key,time
mouse_click,0.858574628829956
s,1.9536786079406738
r,3.7334885597229004
e,4.785320520401001
w,6.271611928939819
e,7.481172800064087
