key,time
mouse_click,2.2506372928619385
s,3.331001043319702
f,4.590105056762695
e,5.511176109313965
a,6.788830280303955
q,7.77376914024353
