key,time
mouse_click,0.6371386051177979
q,3.547907829284668
e,4.660582542419434
q,5.825111627578735
e,7.20368766784668
