key,time
mouse_click,0.4826803207397461
mouse_click,1.382871389389038
e,2.627082109451294
r,3.8600895404815674
s,5.010064125061035
t,6.44988751411438
a,8.06418752670288
