key,time
mouse_click,0.39560413360595703
g,1.8850581645965576
g,3.0121452808380127
d,4.290661573410034
g,5.708433151245117
d,6.68897008895874
