key,time
mouse_click,1.0690817832946777
backspace,2.2655818462371826
d,3.4442031383514404
e,4.556412696838379
d,5.634153842926025
d,6.833925724029541
backspace,7.908780336380005
