key,time
mouse_click,1.0235915184020996
backspace,2.3835253715515137
space,3.798082113265991
backspace,4.918992280960083
space,6.150282621383667
space,7.264769554138184
