key,time
space,1.4677808284759521
w,2.4953174591064453
backspace,3.566470146179199
space,4.807953357696533
w,5.765472173690796
space,6.838507652282715
q,8.07080078125
