key,time
mouse_click,0.36212825775146484
s,1.4014365673065186
q,2.5626940727233887
r,4.054090976715088
s,5.469175338745117
w,7.211627960205078
