key,time
mouse_click,0.28646349906921387
r,1.6723637580871582
e,3.162959098815918
w,4.408865213394165
q,6.042062520980835
a,7.1506593227386475
