key,time
g,1.0925788879394531
backspace,2.814424991607666
space,4.161982297897339
q,5.8755035400390625
w,7.283728361129761
