key,time
mouse_click,0.4841775894165039
a,1.4184472560882568
d,2.927391529083252
e,4.35649847984314
mouse_click,5.188641548156738
mouse_click,7.124223709106445
