key,time
mouse_click,0.5707666873931885
e,2.109158754348755
q,3.469305992126465
q,4.773680686950684
q,6.117198467254639
backspace,7.647955417633057
