key,time
mouse_click,0.3993079662322998
space,1.5112848281860352
backspace,2.6507914066314697
w,3.77120304107666
a,4.917630672454834
q,6.1800336837768555
r,7.286258935928345
