key,time
mouse_click,0.3349790573120117
f,1.2225801944732666
f,2.4247405529022217
a,3.5259346961975098
q,4.638939142227173
r,5.8602659702301025
d,7.093565940856934
