key,time
mouse_click,0.6421248912811279
g,1.3752264976501465
r,2.250917434692383
w,3.366885185241699
a,4.549945831298828
q,5.773910045623779
r,6.991750955581665
