key,time
mouse_click,0.38755249977111816
s,1.7489187717437744
s,2.8301379680633545
d,3.8621902465820312
d,4.832325458526611
backspace,5.8327476978302
space,6.907397270202637
e,7.874740123748779
