key,time
mouse_click,0.25545716285705566
f,1.1116364002227783
g,2.220621347427368
r,3.44429087638855
a,4.6131579875946045
w,5.742535829544067
backspace,6.876451015472412
w,8.015304327011108
