key,time
mouse_click,1.3415465354919434
space,2.8079993724823
e,3.74800443649292
r,4.802091598510742
s,5.886168479919434
w,6.843756198883057
space,7.824206590652466
