key,time
mouse_click,0.6168527603149414
s,1.8238024711608887
d,3.0995230674743652
f,4.375773668289185
a,5.908806085586548
g,7.953221082687378
