key,time
mouse_click,0.3602104187011719
f,0.9408645629882812
q,2.1617326736450195
f,3.181349992752075
f,4.360500812530518
f,5.480026721954346
f,6.607089281082153
f,7.875750303268433
