key,time
mouse_click,0.7497870922088623
s,1.8380393981933594
g,2.808724880218506
d,3.8258824348449707
g,4.855088233947754
a,5.841797113418579
e,6.805644273757935
s,7.841465711593628
