key,time
mouse_click,0.4086570739746094
g,1.2862257957458496
g,2.498518228530884
g,3.6445062160491943
f,4.843806505203247
w,6.062354326248169
s,7.052227020263672
