key,time
w,0.9904201030731201
e,2.0612452030181885
t,3.3969221115112305
a,4.731784343719482
s,6.606409788131714
