key,time
mouse_click,0.34267520904541016
s,0.8073437213897705
s,1.7183456420898438
s,2.7853102684020996
space,3.9740734100341797
d,5.012243747711182
s,6.530649662017822
a,7.7296717166900635
