key,time
mouse_click,0.5684428215026855
f,1.5727486610412598
q,2.5096538066864014
w,3.5013668537139893
e,4.563372611999512
r,5.574864387512207
a,6.53415322303772
f,7.57720685005188
