key,time
mouse_click,0.24184012413024902
w,1.9083354473114014
d,3.2134130001068115
backspace,4.422594785690308
w,5.820191383361816
d,7.082814931869507
