key,time
mouse_click,0.5424377918243408
q,5.937315225601196
e,6.94594669342041
space,7.896975994110107
