key,time
mouse_click,0.41635966300964355
w,1.5035908222198486
q,2.7919437885284424
a,4.0823814868927
d,5.48004412651062
f,6.704594612121582
backspace,8.076011180877686
