key,time
w,0.9832375049591064
d,2.0990149974823
backspace,3.7157044410705566
d,4.92177939414978
w,6.11295223236084
backspace,7.914520978927612
