key,time
s,1.6357769966125488
r,3.019089698791504
w,4.386577606201172
r,5.894089937210083
s,7.8144001960754395
