key,time
mouse_click,0.36928462982177734
r,1.4774563312530518
w,2.4092371463775635
r,3.6248786449432373
q,4.849243640899658
r,6.1722571849823
g,7.312878131866455
