key,time
mouse_click,0.5531706809997559
f,1.771864652633667
g,2.764535665512085
d,3.781628370285034
w,4.837561368942261
f,5.798806428909302
g,6.912546634674072
d,7.841242074966431
