key,time
mouse_click,0.8067502975463867
s,1.989427089691162
backspace,3.3068277835845947
e,4.136349201202393
space,5.222531318664551
s,6.533144474029541
backspace,7.503516674041748
