key,time
mouse_click,0.4277620315551758
s,0.942763090133667
backspace,2.0368869304656982
r,3.348527193069458
w,4.644948959350586
e,5.870129346847534
q,7.545989751815796
