key,time
mouse_click,0.3202672004699707
e,1.6245942115783691
f,2.321260690689087
g,3.409454584121704
space,4.190692186355591
backspace,5.058051109313965
space,5.8280627727508545
backspace,6.729763746261597
