key,time
d,0.7641279697418213
w,2.0378637313842773
backspace,3.2173819541931152
w,4.459014177322388
d,6.04210352897644
w,7.340204954147339
