key,time
mouse_click,0.3717803955078125
r,1.551753044128418
w,2.7024850845336914
g,4.051880359649658
q,5.214048147201538
f,6.766481399536133
