key,time
mouse_click,0.25809454917907715
mouse_click,2.943208932876587
r,4.241431474685669
space,5.24078631401062
space,6.1752941608428955
space,7.08979344367981
