key,time
a,2.1873321533203125
d,3.621124744415283
e,4.988867521286011
f,6.505551338195801
a,7.978163242340088
