key,time
a,0.9199180603027344
space,3.0313222408294678
a,4.34498143196106
space,5.449699401855469
a,6.85556697845459
