key,time
mouse_click,0.3467674255371094
r,1.3016960620880127
r,2.6633670330047607
r,4.040985822677612
a,5.097136497497559
r,6.429983377456665
a,7.628814458847046
