key,time
mouse_click,0.3575267791748047
r,1.5669329166412354
r,2.7658777236938477
g,3.9871535301208496
e,5.242051839828491
f,6.441323757171631
f,7.808506488800049
