key,time
mouse_click,0.5843515396118164
w,2.326758623123169
e,3.431830883026123
r,4.670401334762573
a,5.950654029846191
s,7.137016296386719
