key,time
mouse_click,0.7150204181671143
space,1.5775306224822998
a,2.5511977672576904
e,3.730377197265625
r,4.842724800109863
s,6.132327079772949
g,7.254576206207275
