key,time
mouse_click,0.3899810314178467
s,1.4207687377929688
r,2.64686918258667
e,3.8891708850860596
q,5.154045343399048
a,6.47118878364563
g,7.840319871902466
