key,time
mouse_click,0.46927428245544434
g,1.5811107158660889
e,2.94846510887146
q,4.385240793228149
backspace,5.627405166625977
g,6.804341793060303
space,7.96992564201355
