key,time
mouse_click,0.3538236618041992
q,1.6573188304901123
w,2.7955400943756104
a,3.96032977104187
r,5.190489053726196
t,6.36493992805481
space,7.571308851242065
