key,time
mouse_click,0.47620201110839844
r,1.6239502429962158
r,3.106964349746704
r,4.627191781997681
w,6.285116672515869
a,7.723078966140747
