key,time
mouse_click,0.9207618236541748
e,2.4762754440307617
f,3.707784652709961
d,4.8131103515625
s,6.014306306838989
r,7.342869520187378
