key,time
r,0.722588062286377
w,1.7694239616394043
r,2.983215093612671
g,4.183350324630737
q,5.25635552406311
a,6.327818155288696
r,7.524513006210327
