key,time
f,1.2708003520965576
g,2.1811392307281494
d,2.975921869277954
w,3.96986722946167
f,5.195964097976685
g,6.47199559211731
