key,time
mouse_click,0.3809785842895508
a,1.039931058883667
w,2.1181139945983887
e,3.3360166549682617
e,4.511318206787109
space,5.667850971221924
space,6.7342565059661865
space,7.821253538131714
