key,time
mouse_click,0.3848414421081543
backspace,1.2306182384490967
f,2.3140809535980225
f,3.290133237838745
f,4.356099605560303
a,5.173493385314941
a,6.174842834472656
a,7.154581546783447
