key,time
a,1.2007160186767578
f,2.522876262664795
f,4.15716290473938
d,5.687400579452515
