key,time
q,1.3994276523590088
backspace,2.493574380874634
g,3.6419386863708496
q,4.8909382820129395
space,6.392823696136475
e,7.767492055892944
